Product_ID,Product_Name,Product_Category,Unit_Price,Launch_Date,Is_Active
PROD-0001,Incentivize Efficient Schemas,Software,9352.37,2022-04-23 05:51:23,TRUE
PROD-0002,Enhance Seamless Technologies,Consulting,414.18,2022-10-05 06:35:03,FALSE
PROD-0003,Architect Holistic Vortals,Hardware,7712.82,2024-06-27 14:20:26,FALSE
PROD-0004,Seize Efficient Technologies,Services,9929.28,2023-07-13 22:05:49,FALSE
PROD-0005,Maximize Enterprise Interfaces,Consulting,8709.24,2022-01-03 21:31:29,FALSE
PROD-0006,Seize B2B Technologies,Consulting,894.47,2024-12-20 21:03:07,TRUE
PROD-0007,Envisioneer Strategic Convergence,Support,8616.84,2021-09-01 22:04:52,TRUE
PROD-0008,Grow Dot-Com Info-Mediaries,Hardware,9929.18,2025-06-02 23:18:17,FALSE
PROD-0009,Aggregate Real-Time Schemas,Training,1360.74,2022-05-26 23:44:07,TRUE
PROD-0010,Empower Global Platforms,Software,7586.18,2024-06-14 00:52:34,TRUE
PROD-0011,Extend Web-Enabled Action-Items,Consulting,6767.65,2024-02-09 23:49:56,FALSE
PROD-0012,Repurpose Magnetic Functionalities,Training,3854.84,2021-09-15 10:24:04,TRUE
PROD-0013,Streamline Mission-Critical E-Markets,Hardware,4660.19,2022-06-25 06:30:18,TRUE
PROD-0014,Unleash Collaborative Platforms,Services,1965.96,2022-11-23 15:58:03,TRUE
PROD-0015,Revolutionize Global Synergies,Software,8113.83,2024-05-21 18:24:24,FALSE
PROD-0016,Re-Contextualize Granular E-Markets,Training,7683.93,2023-10-31 12:21:34,TRUE
PROD-0017,Re-Contextualize Collaborative Info-Mediaries,Hardware,2140.21,2024-04-07 19:20:11,TRUE
PROD-0018,Aggregate Front-End Vortals,Training,432.41,2024-04-04 03:34:09,TRUE
PROD-0019,Visualize Leading-Edge Infrastructures,Hardware,7431.36,2022-09-14 22:47:02,FALSE
PROD-0020,Maximize Bleeding-Edge Users,Consulting,2419.96,2024-04-06 21:11:17,TRUE
PROD-0021,Drive Robust Roi,Software,1487.34,2024-08-19 01:57:30,TRUE
PROD-0022,Matrix Virtual Paradigms,Hardware,8176.28,2023-04-08 17:36:36,TRUE
PROD-0023,Strategize Rich Roi,Training,6019.38,2025-01-17 13:38:37,TRUE
PROD-0024,Extend Distributed Paradigms,Hardware,3087.47,2025-06-22 13:02:01,TRUE
PROD-0025,Monetize Sticky Supply-Chains,Support,5260.39,2021-07-12 23:14:02,FALSE
PROD-0026,Target Rich Channels,Services,2824.02,2022-09-13 14:57:22,TRUE
PROD-0027,Deliver Plug-And-Play Niches,Support,6819.63,2025-02-09 15:32:08,FALSE
PROD-0028,Exploit One-To-One Supply-Chains,Software,9725.67,2022-04-24 02:15:31,FALSE
PROD-0029,Drive Ubiquitous Experiences,Training,3255.47,2022-03-07 23:57:14,FALSE
PROD-0030,Unleash Viral Synergies,Consulting,1577.25,2022-08-02 05:15:31,FALSE
PROD-0031,Facilitate Distributed Networks,Hardware,7568.72,2024-08-15 20:50:04,FALSE
PROD-0032,Engineer Dynamic Roi,Hardware,8508.48,2024-05-11 05:13:32,TRUE
PROD-0033,Iterate Wireless E-Commerce,Support,1529.08,2024-02-02 15:45:48,FALSE
PROD-0034,Harness E-Business Interfaces,Software,5667.62,2023-09-07 00:47:03,FALSE
PROD-0035,Transform Viral Channels,Training,5346.92,2024-05-03 05:23:44,FALSE
PROD-0036,Harness Interactive Synergies,Hardware,2624.46,2023-07-10 06:30:28,TRUE
PROD-0037,Synergize Web-Enabled Systems,Support,882.8,2022-08-07 16:30:31,FALSE
PROD-0038,Empower Open-Source Content,Services,1015.39,2024-09-11 11:48:49,TRUE
PROD-0039,Drive Value-Added Portals,Software,2757.77,2023-12-20 09:26:22,TRUE
PROD-0040,Disintermediate Web-Enabled Markets,Software,1962.82,2024-04-09 00:48:40,TRUE
PROD-0041,Embrace Plug-And-Play Content,Consulting,2168,2024-04-30 22:35:59,TRUE
PROD-0042,Strategize Extensible Initiatives,Services,9574.5,2022-03-03 16:24:13,TRUE
PROD-0043,Redefine Distributed Relationships,Hardware,9377.88,2024-03-16 18:36:46,TRUE
PROD-0044,Enhance Magnetic Channels,Support,9995.76,2024-02-08 08:37:35,FALSE
PROD-0045,Orchestrate Ubiquitous Metrics,Hardware,6986.7,2023-07-11 09:38:32,TRUE
PROD-0046,Deploy Collaborative Users,Consulting,9159.75,2023-01-29 23:28:21,TRUE
PROD-0047,Repurpose Killer Action-Items,Services,3868.55,2024-11-25 10:16:09,TRUE
PROD-0048,Engineer Strategic Deliverables,Services,2689.46,2024-05-20 10:42:50,FALSE
PROD-0049,Mesh Bricks-And-Clicks Partnerships,Consulting,1076.22,2023-05-23 13:42:02,FALSE
PROD-0050,Maximize One-To-One Markets,Services,9151.87,2025-05-23 11:05:24,TRUE
PROD-0051,Engage 24/365 Networks,Services,4197.91,2025-01-06 00:39:54,TRUE
PROD-0052,Orchestrate Frictionless Vortals,Support,1544.63,2023-10-10 05:52:11,TRUE
PROD-0053,Mesh Visionary Initiatives,Training,9354.11,2025-02-14 23:16:34,FALSE
PROD-0054,Architect Holistic Infrastructures,Services,1608.87,2024-05-20 08:58:25,TRUE
PROD-0055,Deliver Customized Markets,Hardware,3860.41,2025-04-24 22:45:10,TRUE
PROD-0056,Enable Next-Generation Bandwidth,Consulting,5551.36,2023-06-02 22:54:37,TRUE
PROD-0057,Streamline Plug-And-Play Methodologies,Services,7657.27,2023-11-21 13:51:42,FALSE
PROD-0058,Monetize Vertical Interfaces,Support,6452.78,2024-12-03 01:42:49,FALSE
PROD-0059,Transition Clicks-And-Mortar E-Tailers,Consulting,1765.51,2022-07-28 20:34:53,TRUE
PROD-0060,Optimize Revolutionary E-Commerce,Hardware,1485.59,2023-12-13 22:44:08,FALSE
PROD-0061,Scale Innovative Users,Hardware,9177.3,2022-12-15 18:41:45,TRUE
PROD-0062,Re-Contextualize Innovative Info-Mediaries,Training,434.86,2021-09-30 04:13:17,TRUE
PROD-0063,Envisioneer Transparent Roi,Support,580.29,2021-08-16 20:53:26,TRUE
PROD-0064,Enable Next-Generation Relationships,Consulting,1461.17,2024-10-05 03:05:07,TRUE
PROD-0065,Synergize Customized Architectures,Software,7100.98,2025-04-13 05:03:15,TRUE
PROD-0066,Evolve Global Experiences,Hardware,5106.76,2023-02-02 02:48:34,TRUE
PROD-0067,Seize 24/7 Roi,Software,6216.57,2025-02-23 23:32:14,FALSE
PROD-0068,Strategize End-To-End E-Services,Support,4929.76,2023-10-11 04:10:37,TRUE
PROD-0069,Implement Vertical Content,Training,5561.27,2025-01-15 10:08:04,TRUE
PROD-0070,Innovate Cutting-Edge Users,Software,5341.23,2023-06-17 19:45:55,TRUE
PROD-0071,Transition Bleeding-Edge Action-Items,Training,9777.05,2023-02-07 18:10:49,TRUE
PROD-0072,Seize B2C Niches,Training,8150.26,2023-06-14 03:05:02,FALSE
PROD-0073,Re-Contextualize One-To-One Paradigms,Hardware,1159.46,2022-04-17 08:47:21,TRUE
PROD-0074,Repurpose Next-Generation E-Business,Training,1574.09,2024-12-07 01:15:46,TRUE
PROD-0075,Re-Contextualize Vertical Action-Items,Training,5311.91,2024-09-30 14:16:19,TRUE
PROD-0076,Optimize Mission-Critical Metrics,Services,7969.87,2022-05-14 17:00:31,TRUE
PROD-0077,Grow Scalable Action-Items,Services,9597.05,2021-08-19 17:32:35,FALSE
PROD-0078,Integrate Wireless Systems,Training,2507.76,2024-08-21 23:06:05,TRUE
PROD-0079,Incubate Killer Markets,Services,6872.01,2022-06-27 14:31:49,TRUE
PROD-0080,Deliver Distributed E-Services,Support,9917.58,2022-02-01 06:21:42,TRUE
PROD-0081,Redefine Turn-Key Networks,Software,4112.26,2024-12-16 20:26:41,FALSE
PROD-0082,Revolutionize World-Class Action-Items,Training,4812.45,2024-01-13 09:42:55,TRUE
PROD-0083,Matrix B2B Web Services,Support,1796.7,2022-10-10 08:19:20,FALSE
PROD-0084,Enhance Transparent Content,Consulting,6484.58,2023-09-16 07:22:36,TRUE
PROD-0085,Streamline Virtual Functionalities,Training,9775.56,2022-08-30 00:12:38,TRUE
PROD-0086,Brand Rich Markets,Training,9199.61,2024-05-17 23:22:03,TRUE
PROD-0087,Visualize Enterprise Deliverables,Hardware,9022.6,2022-12-15 14:26:39,FALSE
PROD-0088,Scale Next-Generation E-Markets,Services,560.96,2022-11-05 17:00:38,TRUE
PROD-0089,Monetize Enterprise Roi,Support,9263.29,2022-02-15 08:57:52,TRUE
PROD-0090,Incubate Collaborative Action-Items,Hardware,9294.79,2024-09-12 12:23:58,TRUE
PROD-0091,Enhance Seamless Eyeballs,Software,9618.54,2025-02-06 23:27:14,TRUE
PROD-0092,Target Leading-Edge Schemas,Support,8226.93,2024-12-01 07:14:29,TRUE
PROD-0093,Deploy Global Architectures,Services,1708.26,2023-03-31 15:27:38,TRUE
PROD-0094,Morph Best-Of-Breed Supply-Chains,Training,8363.04,2022-07-10 20:09:02,FALSE
PROD-0095,Evolve Customized Relationships,Support,8975.61,2024-03-29 04:40:14,TRUE
PROD-0096,Incubate Dynamic Markets,Consulting,7580.53,2021-11-19 05:02:11,TRUE
PROD-0097,Synergize Revolutionary Partnerships,Support,7269.22,2022-08-19 14:42:08,TRUE
PROD-0098,Exploit Killer Info-Mediaries,Software,1067.09,2022-04-16 20:57:53,TRUE
PROD-0099,Cultivate Open-Source Content,Software,3471.87,2022-05-19 01:40:42,FALSE
PROD-0100,Implement Killer Solutions,Services,393.29,2025-05-10 15:29:15,TRUE
