0,1,2,3,4,5
PROD-0001,Incentivize Efficient Schemas,Software,9352.3701171875,2022-04-23 05:51:23,True
PROD-0002,Enhance Seamless Technologies,Consulting,414.17999267578125,2022-10-05 06:35:03,False
PROD-0003,Architect Holistic Vortals,Hardware,7712.81982421875,2024-06-27 14:20:26,False
PROD-0004,Seize Efficient Technologies,Services,9929.2802734375,2023-07-13 22:05:49,False
PROD-0005,Maximize Enterprise Interfaces,Consulting,8709.240234375,2022-01-03 21:31:29,False
PROD-0006,Seize B2B Technologies,Consulting,894.469970703125,2024-12-20 21:03:07,True
PROD-0007,Envisioneer Strategic Convergence,Support,8616.83984375,2021-09-01 22:04:52,True
PROD-0008,Grow Dot-Com Info-Mediaries,Hardware,9929.1796875,2025-06-02 23:18:17,False
PROD-0009,Aggregate Real-Time Schemas,Training,1360.739990234375,2022-05-26 23:44:07,True
PROD-0010,Empower Global Platforms,Software,7586.18017578125,2024-06-14 00:52:34,True
PROD-0011,Extend Web-Enabled Action-Items,Consulting,6767.64990234375,2024-02-09 23:49:56,False
PROD-0012,Repurpose Magnetic Functionalities,Training,3854.840087890625,2021-09-15 10:24:04,True
PROD-0013,Streamline Mission-Critical E-Markets,Hardware,4660.18994140625,2022-06-25 06:30:18,True
PROD-0014,Unleash Collaborative Platforms,Services,1965.9599609375,2022-11-23 15:58:03,True
PROD-0015,Revolutionize Global Synergies,Software,8113.830078125,2024-05-21 18:24:24,False
PROD-0016,Re-Contextualize Granular E-Markets,Training,7683.93017578125,2023-10-31 12:21:34,True
PROD-0017,Re-Contextualize Collaborative Info-Mediaries,Hardware,2140.2099609375,2024-04-07 19:20:11,True
PROD-0018,Aggregate Front-End Vortals,Training,432.4100036621094,2024-04-04 03:34:09,True
PROD-0019,Visualize Leading-Edge Infrastructures,Hardware,7431.35986328125,2022-09-14 22:47:02,False
PROD-0020,Maximize Bleeding-Edge Users,Consulting,2419.9599609375,2024-04-06 21:11:17,True
PROD-0021,Drive Robust Roi,Software,1487.3399658203125,2024-08-19 01:57:30,True
PROD-0022,Matrix Virtual Paradigms,Hardware,8176.27978515625,2023-04-08 17:36:36,True
PROD-0023,Strategize Rich Roi,Training,6019.3798828125,2025-01-17 13:38:37,True
PROD-0024,Extend Distributed Paradigms,Hardware,3087.469970703125,2025-06-22 13:02:01,True
PROD-0025,Monetize Sticky Supply-Chains,Support,5260.39013671875,2021-07-12 23:14:02,False
PROD-0026,Target Rich Channels,Services,2824.02001953125,2022-09-13 14:57:22,True
PROD-0027,Deliver Plug-And-Play Niches,Support,6819.6298828125,2025-02-09 15:32:08,False
PROD-0028,Exploit One-To-One Supply-Chains,Software,9725.669921875,2022-04-24 02:15:31,False
PROD-0029,Drive Ubiquitous Experiences,Training,3255.469970703125,2022-03-07 23:57:14,False
PROD-0030,Unleash Viral Synergies,Consulting,1577.25,2022-08-02 05:15:31,False
PROD-0031,Facilitate Distributed Networks,Hardware,7568.72021484375,2024-08-15 20:50:04,False
PROD-0032,Engineer Dynamic Roi,Hardware,8508.48046875,2024-05-11 05:13:32,True
PROD-0033,Iterate Wireless E-Commerce,Support,1529.0799560546875,2024-02-02 15:45:48,False
PROD-0034,Harness E-Business Interfaces,Software,5667.6201171875,2023-09-07 00:47:03,False
PROD-0035,Transform Viral Channels,Training,5346.919921875,2024-05-03 05:23:44,False
PROD-0036,Harness Interactive Synergies,Hardware,2624.4599609375,2023-07-10 06:30:28,True
PROD-0037,Synergize Web-Enabled Systems,Support,882.7999877929688,2022-08-07 16:30:31,False
PROD-0038,Empower Open-Source Content,Services,1015.3900146484375,2024-09-11 11:48:49,True
PROD-0039,Drive Value-Added Portals,Software,2757.77001953125,2023-12-20 09:26:22,True
PROD-0040,Disintermediate Web-Enabled Markets,Software,1962.8199462890625,2024-04-09 00:48:40,True
PROD-0041,Embrace Plug-And-Play Content,Consulting,2168.0,2024-04-30 22:35:59,True
PROD-0042,Strategize Extensible Initiatives,Services,9574.5,2022-03-03 16:24:13,True
PROD-0043,Redefine Distributed Relationships,Hardware,9377.8798828125,2024-03-16 18:36:46,True
PROD-0044,Enhance Magnetic Channels,Support,9995.759765625,2024-02-08 08:37:35,False
PROD-0045,Orchestrate Ubiquitous Metrics,Hardware,6986.7001953125,2023-07-11 09:38:32,True
PROD-0046,Deploy Collaborative Users,Consulting,9159.75,2023-01-29 23:28:21,True
PROD-0047,Repurpose Killer Action-Items,Services,3868.550048828125,2024-11-25 10:16:09,True
PROD-0048,Engineer Strategic Deliverables,Services,2689.4599609375,2024-05-20 10:42:50,False
PROD-0049,Mesh Bricks-And-Clicks Partnerships,Consulting,1076.219970703125,2023-05-23 13:42:02,False
PROD-0050,Maximize One-To-One Markets,Services,9151.8701171875,2025-05-23 11:05:24,True
PROD-0051,Engage 24/365 Networks,Services,4197.91015625,2025-01-06 00:39:54,True
PROD-0052,Orchestrate Frictionless Vortals,Support,1544.6300048828125,2023-10-10 05:52:11,True
PROD-0053,Mesh Visionary Initiatives,Training,9354.1103515625,2025-02-14 23:16:34,False
PROD-0054,Architect Holistic Infrastructures,Services,1608.8699951171875,2024-05-20 08:58:25,True
PROD-0055,Deliver Customized Markets,Hardware,3860.409912109375,2025-04-24 22:45:10,True
PROD-0056,Enable Next-Generation Bandwidth,Consulting,5551.35986328125,2023-06-02 22:54:37,True
PROD-0057,Streamline Plug-And-Play Methodologies,Services,7657.27001953125,2023-11-21 13:51:42,False
PROD-0058,Monetize Vertical Interfaces,Support,6452.77978515625,2024-12-03 01:42:49,False
PROD-0059,Transition Clicks-And-Mortar E-Tailers,Consulting,1765.510009765625,2022-07-28 20:34:53,True
PROD-0060,Optimize Revolutionary E-Commerce,Hardware,1485.5899658203125,2023-12-13 22:44:08,False
PROD-0061,Scale Innovative Users,Hardware,9177.2998046875,2022-12-15 18:41:45,True
PROD-0062,Re-Contextualize Innovative Info-Mediaries,Training,434.8599853515625,2021-09-30 04:13:17,True
PROD-0063,Envisioneer Transparent Roi,Support,580.2899780273438,2021-08-16 20:53:26,True
PROD-0064,Enable Next-Generation Relationships,Consulting,1461.1700439453125,2024-10-05 03:05:07,True
PROD-0065,Synergize Customized Architectures,Software,7100.97998046875,2025-04-13 05:03:15,True
PROD-0066,Evolve Global Experiences,Hardware,5106.759765625,2023-02-02 02:48:34,True
PROD-0067,Seize 24/7 Roi,Software,6216.56982421875,2025-02-23 23:32:14,False
PROD-0068,Strategize End-To-End E-Services,Support,4929.759765625,2023-10-11 04:10:37,True
PROD-0069,Implement Vertical Content,Training,5561.27001953125,2025-01-15 10:08:04,True
PROD-0070,Innovate Cutting-Edge Users,Software,5341.22998046875,2023-06-17 19:45:55,True
PROD-0071,Transition Bleeding-Edge Action-Items,Training,9777.0498046875,2023-02-07 18:10:49,True
PROD-0072,Seize B2C Niches,Training,8150.259765625,2023-06-14 03:05:02,False
PROD-0073,Re-Contextualize One-To-One Paradigms,Hardware,1159.4599609375,2022-04-17 08:47:21,True
PROD-0074,Repurpose Next-Generation E-Business,Training,1574.0899658203125,2024-12-07 01:15:46,True
PROD-0075,Re-Contextualize Vertical Action-Items,Training,5311.91015625,2024-09-30 14:16:19,True
PROD-0076,Optimize Mission-Critical Metrics,Services,7969.8701171875,2022-05-14 17:00:31,True
PROD-0077,Grow Scalable Action-Items,Services,9597.0498046875,2021-08-19 17:32:35,False
PROD-0078,Integrate Wireless Systems,Training,2507.760009765625,2024-08-21 23:06:05,True
PROD-0079,Incubate Killer Markets,Services,6872.009765625,2022-06-27 14:31:49,True
PROD-0080,Deliver Distributed E-Services,Support,9917.580078125,2022-02-01 06:21:42,True
PROD-0081,Redefine Turn-Key Networks,Software,4112.259765625,2024-12-16 20:26:41,False
PROD-0082,Revolutionize World-Class Action-Items,Training,4812.4501953125,2024-01-13 09:42:55,True
PROD-0083,Matrix B2B Web Services,Support,1796.699951171875,2022-10-10 08:19:20,False
PROD-0084,Enhance Transparent Content,Consulting,6484.580078125,2023-09-16 07:22:36,True
PROD-0085,Streamline Virtual Functionalities,Training,9775.5595703125,2022-08-30 00:12:38,True
PROD-0086,Brand Rich Markets,Training,9199.6103515625,2024-05-17 23:22:03,True
PROD-0087,Visualize Enterprise Deliverables,Hardware,9022.599609375,2022-12-15 14:26:39,False
PROD-0088,Scale Next-Generation E-Markets,Services,560.9600219726562,2022-11-05 17:00:38,True
PROD-0089,Monetize Enterprise Roi,Support,9263.2900390625,2022-02-15 08:57:52,True
PROD-0090,Incubate Collaborative Action-Items,Hardware,9294.7900390625,2024-09-12 12:23:58,True
PROD-0091,Enhance Seamless Eyeballs,Software,9618.5400390625,2025-02-06 23:27:14,True
PROD-0092,Target Leading-Edge Schemas,Support,8226.9296875,2024-12-01 07:14:29,True
PROD-0093,Deploy Global Architectures,Services,1708.260009765625,2023-03-31 15:27:38,True
PROD-0094,Morph Best-Of-Breed Supply-Chains,Training,8363.0400390625,2022-07-10 20:09:02,False
PROD-0095,Evolve Customized Relationships,Support,8975.6103515625,2024-03-29 04:40:14,True
PROD-0096,Incubate Dynamic Markets,Consulting,7580.52978515625,2021-11-19 05:02:11,True
PROD-0097,Synergize Revolutionary Partnerships,Support,7269.22021484375,2022-08-19 14:42:08,True
PROD-0098,Exploit Killer Info-Mediaries,Software,1067.0899658203125,2022-04-16 20:57:53,True
PROD-0099,Cultivate Open-Source Content,Software,3471.8701171875,2022-05-19 01:40:42,False
PROD-0100,Implement Killer Solutions,Services,393.2900085449219,2025-05-10 15:29:15,True
